x, y
-16.2497843642655, 0.8291330280415998
-16.74608450903148, 1.069750110456201
-17.243877710579014, 1.2054951556719773
-17.747320316164863, 1.4310321421182808
-18.247252220669758, 1.6969308411074264
-18.744480481813458, 1.9317357285900376
-19.24990037881272, 2.141153339938369
-19.74769358036025, 2.3651541142247576
-20.247464073321193, 2.7586152196288767
-20.74759774225603, 3.1765635535665915
-21.251403523815767, 3.8572496243846333
-21.752344250470365, 4.7233941798747034
-22.251348038597534, 5.831193566914844
-22.748616652627227, 7.244273245194325
-23.25226102264301, 9.026646499388015
-23.752394691577848, 12.205421248711419